식품대분류명,대표식품명,카테고리
"곡류, 서류 제품",고구마,간식
"곡류, 서류 제품",팝콘,간식
과일류,과일,간식
구이류,가자미구이,반찬
구이류,갈비구이,반찬
구이류,갈치구이,반찬
구이류,고등어구이,반찬
구이류,곱창구이,반찬
구이류,김구이,반찬
구이류,꼬치구이,반찬
구이류,닭구이,반찬
구이류,닭발구이,반찬
구이류,떡갈비,반찬
구이류,런천미트구이,반찬
구이류,뱅어포구이,반찬
구이류,버섯구이,반찬
구이류,버섯구이표고버섯,반찬
구이류,삼겹살구이,반찬
구이류,삼치구이,반찬
구이류,새우구이,반찬
구이류,소불고기,반찬
구이류,스테이크,반찬
구이류,오리고기구이,반찬
구이류,오리불고기,반찬
구이류,장어구이,반찬
구이류,조개구이,반찬
구이류,조기구이,반찬
구이류,참치구이,반찬
구이류,치킨데리야끼,반찬
구이류,함박스테이크,반찬
구이류,갈매기살구이,반찬
구이류,곰장어구이,반찬
구이류,꿩불고기,반찬
구이류,닭튀김(치킨),반찬
구이류,대창구이,반찬
구이류,더덕구이,반찬
구이류,도미구이,반찬
구이류,돼지갈비구이,반찬
구이류,돼지껍데기구이,반찬
구이류,돼지불고기,반찬
구이류,막창구이,반찬
구이류,연어구이,반찬
구이류,오겹살구이,반찬
구이류,임연수구이,반찬
구이류,차돌박이구이,반찬
구이류,콘치즈구이,반찬
구이류,황태구이,반찬
구이류,훈제오리,반찬
구이류,굴비구이,반찬
구이류,꽁치구이,반찬
구이류,소내장구이,반찬
구이류,오리고기로스,반찬
구이류,옥돔구이,반찬
구이류,옥수수구이,반찬
구이류,전어구이,반찬
구이류,감자구이,반찬
구이류,닭날개구이,반찬
구이류,닭다리구이,반찬
국 및 탕류,갈비탕,국&찌개
국 및 탕류,감자국,국&찌개
국 및 탕류,곰탕,국&찌개
국 및 탕류,굴국,국&찌개
국 및 탕류,김치국,국&찌개
국 및 탕류,내장탕,국&찌개
국 및 탕류,냉국,국&찌개
국 및 탕류,달걀국,국&찌개
국 및 탕류,달걀탕,국&찌개
국 및 탕류,닭곰탕,국&찌개
국 및 탕류,도가니탕,국&찌개
국 및 탕류,된장국,국&찌개
국 및 탕류,무국,국&찌개
국 및 탕류,묵국,국&찌개
국 및 탕류,미역국,국&찌개
국 및 탕류,배추국,국&찌개
국 및 탕류,북어국,국&찌개
국 및 탕류,사골국,국&찌개
국 및 탕류,삼계탕,국&찌개
국 및 탕류,새우탕,국&찌개
국 및 탕류,설렁탕,국&찌개
국 및 탕류,순대국,국&찌개
국 및 탕류,어묵국,국&찌개
국 및 탕류,오징어국,국&찌개
국 및 탕류,육개장,국&찌개
국 및 탕류,장어탕,국&찌개
국 및 탕류,재첩국,국&찌개
국 및 탕류,조개국,국&찌개
국 및 탕류,콩나물국,국&찌개
국 및 탕류,토란국,국&찌개
국 및 탕류,해장국,국&찌개
국 및 탕류,게국지,국&찌개
국 및 탕류,곰치국,국&찌개
국 및 탕류,꼬리곰탕,국&찌개
국 및 탕류,낙지탕,국&찌개
국 및 탕류,매생이국,국&찌개
국 및 탕류,묵말이,국&찌개
국 및 탕류,미소된장국,국&찌개
국 및 탕류,선짓국,국&찌개
국 및 탕류,소탕,국&찌개
국 및 탕류,아구탕,국&찌개
국 및 탕류,어묵탕,국&찌개
국 및 탕류,어탕,국&찌개
국 및 탕류,연포탕,국&찌개
국 및 탕류,오이냉국,국&찌개
국 및 탕류,올갱이국,국&찌개
국 및 탕류,육탕,국&찌개
국 및 탕류,전복탕,국&찌개
국 및 탕류,지리탕,국&찌개
국 및 탕류,초당순두부,국&찌개
국 및 탕류,탕국,국&찌개
국 및 탕류,홍합탕,국&찌개
국 및 탕류,황태해장국,국&찌개
국 및 탕류,닭고기육개장,국&찌개
국 및 탕류,닭백숙,국&찌개
국 및 탕류,들깨국,국&찌개
국 및 탕류,소고기육개장,국&찌개
국 및 탕류,어묵국(어묵탕),국&찌개
국 및 탕류,유부국,국&찌개
국 및 탕류,미역냉국,국&찌개
김치류,고들빼기김치,반찬
김치류,깍두기,반찬
김치류,깻잎김치,반찬
김치류,나박김치,반찬
김치류,동치미,반찬
김치류,물김치,반찬
김치류,보쌈김치,반찬
김치류,부추김치,반찬
김치류,얼갈이배추김치,반찬
김치류,오이김치,반찬
김치류,갓김치,반찬
김치류,배추김치,반찬
김치류,백김치,반찬
김치류,열무김치,반찬
김치류,열무물김치,반찬
김치류,열무얼갈이김치,반찬
김치류,오이소박이,반찬
김치류,유채김치,반찬
김치류,유채물김치,반찬
김치류,총각김치,반찬
김치류,파김치,반찬
나물·숙채류,가지나물,반찬
나물·숙채류,고구마줄기나물,반찬
나물·숙채류,고사리나물무침,반찬
나물·숙채류,고춧잎나물무침,반찬
나물·숙채류,깻잎나물,반찬
나물·숙채류,냉이나물,반찬
나물·숙채류,도라지나물무침,반찬
나물·숙채류,돌나물무침,반찬
나물·숙채류,머위대나물무침,반찬
나물·숙채류,무나물무침,반찬
나물·숙채류,방풍나물무침,반찬
나물·숙채류,배추나물,반찬
나물·숙채류,비름나물무침,반찬
나물·숙채류,숙주나물,반찬
나물·숙채류,시금치나물,반찬
나물·숙채류,시래기나물무침,반찬
나물·숙채류,씀바귀나물무침,반찬
나물·숙채류,열무나물,반찬
나물·숙채류,유채나물,반찬
나물·숙채류,참나물,반찬
나물·숙채류,취나물,반찬
나물·숙채류,콩나물무침,반찬
나물·숙채류,토란대나물무침,반찬
나물·숙채류,호박오가리나물무침,반찬
나물·숙채류,깻잎나물볶음,반찬
나물·숙채류,머위나물무침,반찬
나물·숙채류,미나리나물,반찬
나물·숙채류,세발나물무침,반찬
나물·숙채류,우거지나물무침,반찬
나물·숙채류,취나물무침,반찬
나물·숙채류,시래기나물,반찬
나물·숙채류,청경채나물,반찬
나물·숙채류,톳나물,반찬
나물·숙채류,숙주미나리나물,반찬
"두류, 견과 및 종실류",견과,간식
면 및 만두류,간자장,밥/면
면 및 만두류,국수,밥/면
면 및 만두류,냉면,밥/면
면 및 만두류,떡국,밥/면
면 및 만두류,떡만두국,국&찌개
면 및 만두류,라면,밥/면
면 및 만두류,만두,반찬
면 및 만두류,만두국,국&찌개
면 및 만두류,메밀국수,밥/면
면 및 만두류,수제비,밥/면
면 및 만두류,스파게티,밥/면
면 및 만두류,우동,밥/면
면 및 만두류,우동볶음,밥/면
면 및 만두류,월남쌈,밥/면
면 및 만두류,자장면,밥/면
면 및 만두류,짬뽕,밥/면
면 및 만두류,쫄면,밥/면
면 및 만두류,칼국수,밥/면
면 및 만두류,콩국수,밥/면
면 및 만두류,기스면,밥/면
면 및 만두류,라멘,밥/면
면 및 만두류,막국수,밥/면
면 및 만두류,메밀소바,밥/면
면 및 만두류,밀면,밥/면
면 및 만두류,볶음면,밥/면
면 및 만두류,분짜,밥/면
면 및 만두류,비빔국수,밥/면
면 및 만두류,비빔면,밥/면
면 및 만두류,쌀국수,밥/면
면 및 만두류,올갱이국수,밥/면
면 및 만두류,울면,밥/면
면 및 만두류,탄탄면,밥/면
면 및 만두류,팟타이,밥/면
면 및 만두류,비빔막국수,밥/면
면 및 만두류,쟁반짜장,밥/면
면 및 만두류,중식우동,밥/면
면 및 만두류,해물칼국수,밥/면
면 및 만두류,잔치국수,밥/면
밥류,김밥,밥/면
밥류,덮밥,밥/면
밥류,보리밥,밥/면
밥류,볶음밥,밥/면
밥류,비빔밥,밥/면
밥류,삼각김밥,밥/면
밥류,수수밥,밥/면
밥류,알밥,밥/면
밥류,영양돌솥밥,밥/면
밥류,오므라이스,밥/면
밥류,자장밥,밥/면
밥류,잡곡밥,밥/면
밥류,잡채밥,밥/면
밥류,주먹밥,밥/면
밥류,짬뽕밥,밥/면
밥류,차조밥,밥/면
밥류,찰밥,밥/면
밥류,초밥,밥/면
밥류,카레라이스,밥/면
밥류,콩나물밥,밥/면
밥류,콩밥,밥/면
밥류,하이라이스,밥/면
밥류,현미밥,밥/면
밥류,회덮밥,밥/면
밥류,리소토,밥/면
밥류,국밥,밥/면
밥류,기장밥,밥/면
밥류,계란덮밥,밥/면
밥류,곤드레나물밥,밥/면
밥류,귀리밥,밥/면
밥류,누룽지,밥/면
밥류,리조또,밥/면
밥류,묵밥,밥/면
밥류,새우튀김롤,밥/면
밥류,쌀밥,밥/면
밥류,연어롤,밥/면
밥류,연잎밥,밥/면
밥류,오곡밥,밥/면
밥류,잡탕밥,밥/면
밥류,짜장밥,밥/면
밥류,충무김밥,밥/면
밥류,캘리포니아롤,밥/면
밥류,넙치(광어)회덮밥,밥/면
밥류,돌솥비빔밥,밥/면
밥류,우럭회덮밥,밥/면
밥류,참치덮밥,밥/면
밥류,참치회덮밥,밥/면
밥류,콩나물국밥,밥/면
밥류,곤드레밥,밥/면
밥류,율무밥,밥/면
밥류,흑미밥,밥/면
밥류,돼지고기덮밥,밥/면
볶음류,감자볶음,반찬
볶음류,건새우볶음,반찬
볶음류,곱창볶음,반찬
볶음류,김치볶음,반찬
볶음류,낙지볶음,반찬
볶음류,닭발볶음,반찬
볶음류,닭볶음(닭갈비),반찬
볶음류,당근볶음,반찬
볶음류,돼지고기볶음,반찬
볶음류,돼지고기볶음(제육볶음),반찬
볶음류,떡볶이,반찬
볶음류,라볶이,반찬
볶음류,마늘쫑볶음,반찬
볶음류,마파두부,반찬
볶음류,멸치볶음,반찬
볶음류,문어볶음,반찬
볶음류,미역줄기볶음,반찬
볶음류,버섯볶음,반찬
볶음류,브로콜리볶음,반찬
볶음류,삼겹살볶음,반찬
볶음류,새우볶음,반찬
볶음류,소고기볶음,반찬
볶음류,소시지볶음,반찬
볶음류,애호박볶음,반찬
볶음류,양파볶음,반찬
볶음류,어묵볶음,반찬
볶음류,오징어볶음,반찬
볶음류,유산슬,반찬
볶음류,잔멸치볶음,반찬
볶음류,잡채,반찬
볶음류,죽순볶음,반찬
볶음류,팔보채,반찬
볶음류,풋고추볶음,반찬
볶음류,햄볶음,반찬
볶음류,느타리버섯볶음,반찬
볶음류,감바스,반찬
볶음류,고추잡채,반찬
볶음류,난자완스,반찬
볶음류,닭모래집볶음,반찬
볶음류,두부김치,반찬
볶음류,머위나물볶음,반찬
볶음류,순대볶음,반찬
볶음류,오징어채볶음,반찬
볶음류,주꾸미볶음,반찬
볶음류,주꾸미삼겹살,반찬
볶음류,해물볶음,반찬
볶음류,가지볶음,반찬
볶음류,건표고버섯볶음,반찬
볶음류,멸치볶음(멸치만),반찬
볶음류,새송이버섯볶음,반찬
볶음류,오리볶음,반찬
볶음류,중식잡채,반찬
볶음류,쫄볶이,반찬
볶음류,파래볶음,반찬
볶음류,표고버섯볶음,반찬
볶음류,호박볶음,반찬
볶음류,고추장볶음,반찬
볶음류,햄채소볶음,반찬
빵 및 과자류,케이크,간식
빵 및 과자류,치즈빵,간식
빵 및 과자류,카스텔라,간식
빵 및 과자류,츄러스,간식
빵 및 과자류,치아바타,간식
빵 및 과자류,와플,간식
빵 및 과자류,찰떡빵,간식
빵 및 과자류,가래떡,간식
빵 및 과자류,경단,간식
빵 및 과자류,꿀떡,간식
빵 및 과자류,모듬찰떡,간식
빵 및 과자류,백설기,간식
빵 및 과자류,송편,간식
빵 및 과자류,시루떡,간식
빵 및 과자류,약식,간식
빵 및 과자류,인절미,간식
빵 및 과자류,절편,간식
빵 및 과자류,증편,간식
빵 및 과자류,찹쌀떡,간식
빵 및 과자류,도넛,간식
빵 및 과자류,마늘빵,간식
빵 및 과자류,머핀,간식
빵 및 과자류,모닝빵,간식
빵 및 과자류,모카빵,간식
빵 및 과자류,베이글,간식
빵 및 과자류,샌드위치,간식
빵 및 과자류,소보로빵,간식
빵 및 과자류,식빵,간식
빵 및 과자류,초코소라빵,간식
빵 및 과자류,크로와상,간식
빵 및 과자류,파이/만주,간식
빵 및 과자류,페이스트리,간식
빵 및 과자류,피자,간식
빵 및 과자류,피자빵,간식
빵 및 과자류,햄버거,간식
빵 및 과자류,호떡,간식
빵 및 과자류,마카롱,간식
빵 및 과자류,번,간식
빵 및 과자류,감자빵,간식
빵 및 과자류,건포도빵,간식
빵 및 과자류,계란빵,간식
빵 및 과자류,기타빵,간식
빵 및 과자류,깨찰빵,간식
빵 및 과자류,또띠아,간식
빵 및 과자류,롤빵,간식
빵 및 과자류,바게트,간식
빵 및 과자류,버거,간식
빵 및 과자류,버터빵,간식
빵 및 과자류,소세지빵,간식
빵 및 과자류,스콘,간식
빵 및 과자류,앙금빵,간식
빵 및 과자류,야채빵,간식
빵 및 과자류,크로켓(고로케),간식
빵 및 과자류,크림빵,간식
빵 및 과자류,타르트,간식
빵 및 과자류,토스트,간식
빵 및 과자류,팥빵,간식
빵 및 과자류,프레즐,간식
빵 및 과자류,핫도그,간식
빵 및 과자류,허니브레드,간식
빵 및 과자류,호밀빵,간식
빵 및 과자류,효모빵,간식
빵 및 과자류,젤리,간식
빵 및 과자류,고구마,간식
빵 및 과자류,밤,간식
빵 및 과자류,비스킷/쿠키/크래커,간식
빵 및 과자류,시리얼,간식
빵 및 과자류,웨이퍼,간식
빵 및 과자류,초콜릿,간식
빵 및 과자류,캔디,간식
빵 및 과자류,푸딩,간식
빵 및 과자류,개피떡(바람떡),간식
빵 및 과자류,기피편,간식
빵 및 과자류,모싯잎송편,간식
빵 및 과자류,무지개떡,간식
빵 및 과자류,빙떡(메밀전병),간식
빵 및 과자류,수수경단,간식
빵 및 과자류,수수부꾸미,간식
빵 및 과자류,수수팥떡,간식
빵 및 과자류,쑥떡,간식
빵 및 과자류,찰시루떡,간식
빵 및 과자류,다식,간식
빵 및 과자류,다쿠아즈,간식
빵 및 과자류,버터크림빵,간식
빵 및 과자류,매작과,간식
빵 및 과자류,산자,간식
빵 및 과자류,약과,간식
빵 및 과자류,유과,간식
생채·무침류,가죽나물무침,반찬
생채·무침류,겉절이,반찬
생채·무침류,골뱅이무침,반찬
생채·무침류,굴무침,반찬
생채·무침류,김무침,반찬
생채·무침류,낙지무침,반찬
생채·무침류,냉채,반찬
생채·무침류,다시마무침,반찬
생채·무침류,달래무침,반찬
생채·무침류,도라지생채,반찬
생채·무침류,두릅무침,반찬
생채·무침류,마늘쫑무침,반찬
생채·무침류,무말랭이무침,반찬
생채·무침류,무생채,반찬
생채·무침류,묵무침,반찬
생채·무침류,물회,반찬
생채·무침류,미나리무침,반찬
생채·무침류,미역초무침,반찬
생채·무침류,민들레잎무침,반찬
생채·무침류,버섯무침,반찬
생채·무침류,부추무침,반찬
생채·무침류,북어채무침,반찬
생채·무침류,샐러드,반찬
생채·무침류,양장피,반찬
생채·무침류,오이무침,반찬
생채·무침류,오이생채,반찬
생채·무침류,오이지무침,반찬
생채·무침류,오징어무침,반찬
생채·무침류,오징어채무침,반찬
생채·무침류,톳나물무침,반찬
생채·무침류,파래무침,반찬
생채·무침류,파무침,반찬
생채·무침류,풋고추된장무침,반찬
생채·무침류,풋마늘무침,반찬
생채·무침류,피조개무침,반찬
생채·무침류,해초무침,반찬
생채·무침류,회무침,반찬
생채·무침류,노각무침,반찬
생채·무침류,단무지무침,반찬
생채·무침류,더덕무침,반찬
생채·무침류,배추겉절이,반찬
생채·무침류,밴댕이무침,반찬
생채·무침류,상추겉절이,반찬
생채·무침류,쑥갓나물무침,반찬
생채·무침류,탕평채,반찬
생채·무침류,홍어무침,반찬
생채·무침류,간재미회무침,반찬
생채·무침류,개고기무침,반찬
생채·무침류,곤약무침,반찬
생채·무침류,과일샐러드,반찬
생채·무침류,돌나물,반찬
생채·무침류,마늘장아찌무침,반찬
생채·무침류,모자반무침,반찬
생채·무침류,얼갈이겉절이,반찬
생채·무침류,톳나물초무침,반찬
생채·무침류,갑오징어무침,반찬
생채·무침류,느타리버섯무침,반찬
생채·무침류,도토리묵무침,반찬
생채·무침류,청포묵무침,반찬
생채·무침류,무생채(무만),반찬
생채·무침류,참나물겉절이,반찬
생채·무침류,치커리겉절이,반찬
수·조·어·육류,육회,반찬
수·조·어·육류,소시지,반찬
수·조·어·육류,달걀,반찬
수·조·어·육류,대구포,반찬
수·조·어·육류,북어포,반찬
유제품류 및 빙과류,빙수,간식
유제품류 및 빙과류,샤베트,간식
유제품류 및 빙과류,아이스크림,간식
유제품류 및 빙과류,요구르트(액상),간식
유제품류 및 빙과류,요구르트(호상),간식
유제품류 및 빙과류,우유,음료
유제품류 및 빙과류,치즈,간식
유제품류 및 빙과류,밀크쉐이크,음료
음료 및 차류,미숫가루,음료
음료 및 차류,커피,음료
음료 및 차류,과ㆍ채주스,음료
음료 및 차류,녹차,음료
음료 및 차류,기타차,음료
음료 및 차류,귤차,음료
음료 및 차류,기타음료,음료
음료 및 차류,꿀차,음료
음료 및 차류,대추차,음료
음료 및 차류,라떼,음료
음료 및 차류,레몬차,음료
음료 및 차류,레몬홍차,음료
음료 및 차류,마테차,음료
음료 및 차류,밀크티/버블티,음료
음료 및 차류,스무디,음료
음료 및 차류,유자차,음료
음료 및 차류,뱅쇼,음료
음료 및 차류,복숭아홍차,음료
음료 및 차류,사과차,음료
음료 및 차류,생강차,음료
음료 및 차류,식혜,음료
음료 및 차류,쌍화차,음료
음료 및 차류,아이스티,음료
음료 및 차류,에이드,음료
음료 및 차류,오미자차,음료
음료 및 차류,우롱차,음료
음료 및 차류,자몽차,음료
음료 및 차류,자몽홍차,음료
음료 및 차류,코코아,음료
음료 및 차류,콤부차,음료
음료 및 차류,탄산음료,음료
음료 및 차류,허브차,음료
음료 및 차류,홍차,음료
음료 및 차류,레몬청차,음료
음료 및 차류,밀크티,음료
음료 및 차류,액상커피,음료
"장류, 양념류",소스/드레싱,식재료
"장류, 양념류",카레소스,반찬
"장류, 양념류",짜장소스,반찬
장아찌·절임류,꽃게장,반찬
장아찌·절임류,단무지,반찬
장아찌·절임류,더덕장아찌,반찬
장아찌·절임류,매실장아찌,반찬
장아찌·절임류,무짠지,반찬
장아찌·절임류,무초절임(치킨무),반찬
장아찌·절임류,오이장아찌,반찬
장아찌·절임류,오이지,반찬
장아찌·절임류,고추장아찌,반찬
장아찌·절임류,들깻잎장아찌,반찬
장아찌·절임류,마늘장아찌,반찬
장아찌·절임류,마늘쫑장아찌,반찬
장아찌·절임류,무장아찌,반찬
전·적 및 부침류,가지전,반찬
전·적 및 부침류,감자전,반찬
전·적 및 부침류,고구마전,반찬
전·적 및 부침류,김치전,반찬
전·적 및 부침류,달걀말이,반찬
전·적 및 부침류,달걀부침(달걀후라이),반찬
전·적 및 부침류,두부부침,반찬
전·적 및 부침류,맛살전,반찬
전·적 및 부침류,메밀전,반찬
전·적 및 부침류,버섯전,반찬
전·적 및 부침류,부추전,반찬
전·적 및 부침류,산적,반찬
전·적 및 부침류,스크램블드에그,반찬
전·적 및 부침류,애호박전,반찬
전·적 및 부침류,완자전,반찬
전·적 및 부침류,채소전,반찬
전·적 및 부침류,파전,반찬
전·적 및 부침류,고추전,반찬
전·적 및 부침류,굴전,반찬
전·적 및 부침류,깻잎전,반찬
전·적 및 부침류,꼬치구치,반찬
전·적 및 부침류,녹두빈대떡,반찬
전·적 및 부침류,동태전,반찬
전·적 및 부침류,두부전,반찬
전·적 및 부침류,미나리전,반찬
전·적 및 부침류,배추전,반찬
전·적 및 부침류,새우전,반찬
전·적 및 부침류,생선전,반찬
전·적 및 부침류,소고기산적,반찬
전·적 및 부침류,소라산적,반찬
전·적 및 부침류,오징어산적,반찬
전·적 및 부침류,해물파전,반찬
전·적 및 부침류,햄부침,반찬
전·적 및 부침류,호박전,반찬
전·적 및 부침류,홍합산적,반찬
전·적 및 부침류,화양적,반찬
전·적 및 부침류,새송이버섯전,반찬
전·적 및 부침류,어육소시지전,반찬
전·적 및 부침류,장떡,반찬
전·적 및 부침류,파래전,반찬
전·적 및 부침류,햄전,반찬
젓갈류,가자미식해,반찬
젓갈류,갈치젓,반찬
젓갈류,멸치젓,반찬
젓갈류,새우젓,반찬
젓갈류,오징어젓,반찬
젓갈류,게장,반찬
젓갈류,명란젓,반찬
젓갈류,조개젓,반찬
조림류,감자조림,반찬
조림류,고등어조림,반찬
조림류,꽁치조림,반찬
조림류,닭볶음탕,반찬
조림류,닭조림,반찬
조림류,두부조림,반찬
조림류,땅콩조림,반찬
조림류,멸치조림,반찬
조림류,무조림,반찬
조림류,미트볼조림,반찬
조림류,버섯조림,반찬
조림류,병어조림,반찬
조림류,삼치조림,반찬
조림류,양미리조림,반찬
조림류,어묵조림,반찬
조림류,연근조림,반찬
조림류,오징어조림,반찬
조림류,오징어채조림,반찬
조림류,우엉조림,반찬
조림류,장조림,반찬
조림류,쥐포조림,반찬
조림류,코다리조림,반찬
조림류,콩조림(콩자반),반찬
조림류,가자미조림,반찬
조림류,고추조림,반찬
조림류,동태조림,반찬
조림류,북어조림,반찬
조림류,조기조림,반찬
조림류,갈치조림,반찬
조림류,달걀조림,반찬
조림류,닭도리탕,반찬
죽 및 스프류,닭죽,밥/면
죽 및 스프류,스프,밥/면
죽 및 스프류,오리죽,밥/면
죽 및 스프류,전복죽,밥/면
죽 및 스프류,채소죽,밥/면
죽 및 스프류,팥죽,밥/면
죽 및 스프류,호박죽,밥/면
죽 및 스프류,흑임자죽,밥/면
죽 및 스프류,게살죽,밥/면
죽 및 스프류,깨죽,밥/면
죽 및 스프류,미음,밥/면
죽 및 스프류,백합죽,밥/면
죽 및 스프류,소고기버섯죽,밥/면
죽 및 스프류,쌀죽(흰죽),밥/면
죽 및 스프류,어죽,밥/면
죽 및 스프류,율무죽,밥/면
죽 및 스프류,잣죽,밥/면
죽 및 스프류,참깨죽,밥/면
죽 및 스프류,참치죽,밥/면
죽 및 스프류,현미죽,밥/면
찌개 및 전골류,갈치찌개,국&찌개
찌개 및 전골류,감자탕,국&찌개
찌개 및 전골류,김치전골,국&찌개
찌개 및 전골류,김치찌개,국&찌개
찌개 및 전골류,꽃게탕,국&찌개
찌개 및 전골류,낙지전골,국&찌개
찌개 및 전골류,동태국,국&찌개
찌개 및 전골류,동태찌개,국&찌개
찌개 및 전골류,돼지고기찌개,국&찌개
찌개 및 전골류,된장찌개,국&찌개
찌개 및 전골류,두부찌개,국&찌개
찌개 및 전골류,매운탕,국&찌개
찌개 및 전골류,버섯전골,국&찌개
찌개 및 전골류,부대찌개,국&찌개
찌개 및 전골류,샤브샤브,국&찌개
찌개 및 전골류,소고기전골,국&찌개
찌개 및 전골류,순두부찌개,국&찌개
찌개 및 전골류,알탕,국&찌개
찌개 및 전골류,오리백숙,국&찌개
찌개 및 전골류,오리탕,국&찌개
찌개 및 전골류,오징어찌개,국&찌개
찌개 및 전골류,청국장찌개,국&찌개
찌개 및 전골류,추어탕,국&찌개
찌개 및 전골류,콩비지찌개,국&찌개
찌개 및 전골류,호박찌개,국&찌개
찌개 및 전골류,고등어찌개,국&찌개
찌개 및 전골류,곱창전골,국&찌개
찌개 및 전골류,꽁치찌개,국&찌개
찌개 및 전골류,나베,국&찌개
찌개 및 전골류,두부전골,국&찌개
찌개 및 전골류,마라탕,국&찌개
찌개 및 전골류,만두전골,국&찌개
찌개 및 전골류,밀푀유나베,국&찌개
찌개 및 전골류,버섯찌개,국&찌개
찌개 및 전골류,불고기전골,국&찌개
찌개 및 전골류,불낙전골,국&찌개
찌개 및 전골류,해물탕,국&찌개
찌개 및 전골류,해신탕,국&찌개
찌개 및 전골류,훠궈,국&찌개
찌개 및 전골류,개고기전골,국&찌개
찌개 및 전골류,고추장찌개,국&찌개
찌개 및 전골류,내장전골,국&찌개
찌개 및 전골류,소고기샤브샤브,국&찌개
찌개 및 전골류,순대전골,국&찌개
찌개 및 전골류,아귀지리,국&찌개
찜류,고구마,간식
찜류,가오리찜,반찬
찜류,갈비찜,반찬
찜류,감자,간식
찜류,깻잎찜,반찬
찜류,꼬막찜,반찬
찜류,꽈리고추찜,반찬
찜류,달걀찜,반찬
찜류,닭찜,반찬
찜류,돼지갈비찜,반찬
찜류,사태찜,반찬
찜류,수육,반찬
찜류,순대,반찬
찜류,아귀찜,반찬
찜류,애호박찜,반찬
찜류,옥수수,반찬
찜류,족발,반찬
찜류,코다리찜,반찬
찜류,콩나물찜,반찬
찜류,풋고추찜,반찬
찜류,김치찜,반찬
찜류,꼬막무침,반찬
찜류,대구찜,반찬
찜류,도미찜,반찬
찜류,동태찜,반찬
찜류,동파육,반찬
찜류,돼지고기,반찬
찜류,돼지등갈비찜,반찬
찜류,병어찜,반찬
찜류,북어찜,반찬
찜류,붕어찜,반찬
찜류,수란,반찬
찜류,숙회,반찬
찜류,오징어순대,반찬
찜류,전어찜,반찬
찜류,조기찜,반찬
찜류,해물찜,반찬
찜류,가오리콩나물찜,반찬
찜류,꽃게콩나물찜,반찬
찜류,낙지찜,반찬
찜류,단호박찜,반찬
찜류,대구볼찜,반찬
찜류,복찜,반찬
찜류,소갈비찜,반찬
찜류,해물콩나물찜,반찬
찜류,홍어찜,반찬
찜류,황태콩나물찜,반찬
찜류,돼지고기찜,반찬
튀김류,감자튀김,반찬
튀김류,김튀김,반찬
튀김류,다시마튀각,반찬
튀김류,닭다리튀김,반찬
튀김류,닭튀김,반찬
튀김류,떡강정,반찬
튀김류,미역튀각,반찬
튀김류,탕수육,반찬
튀김류,고구마맛탕,반찬
튀김류,고구마튀김,반찬
튀김류,고추튀김,반찬
튀김류,김말이튀김,반찬
튀김류,깐풍기,반찬
튀김류,깐풍새우,반찬
튀김류,닭모래집튀김,반찬
튀김류,돈가스,반찬
튀김류,라조기,반찬
튀김류,멘보샤,반찬
튀김류,미꾸라지튀김,반찬
튀김류,복어튀김,반찬
튀김류,북어강정,반찬
튀김류,생선까스,반찬
튀김류,양파링튀김,반찬
튀김류,쥐포튀김,반찬
튀김류,채소튀김,반찬
튀김류,치즈볼,반찬
튀김류,치즈스틱,반찬
튀김류,치킨가스,반찬
튀김류,깐쇼새우,반찬
튀김류,동태까스,반찬
